,titles
0,Search cheat sheet
1,"
    169,937 repository results


"
2,"
jwasham/coding-interview-university
"
3,"
github/gitignore
"
4,"
kamranahmedse/developer-roadmap
"
5,"
airbnb/javascript
"
6,"
d3/d3
"
7,"
microsoft/vscode
"
8,"
CyC2018/CS-Notes
"
9,"
torvalds/linux
"
10,"
facebook/react-native
"
11,"
flutter/flutter
"
12,"
electron/electron
"
13,"
donnemartin/system-design-primer
"
14,"
vinta/awesome-python
"
15,"
facebook/create-react-app
"
16,"
jackfrued/Python-100-Days
"
17,"
axios/axios
"
18,"
public-apis/public-apis
"
19,"
golang/go
"
20,"
jlevy/the-art-of-command-line
"
21,"
nodejs/node
"
22,"
Snailclimb/JavaGuide
"
23,"
TheAlgorithms/Python
"
24,"
daneden/animate.css
"
25,"
FortAwesome/Font-Awesome
"
26,"
kubernetes/kubernetes
"
27,"
justjavac/free-programming-books-zh_CN
"
28,"
tensorflow/models
"
29,"
angular/angular.js
"
30,"
ytdl-org/youtube-dl
"
31,"
trekhleb/javascript-algorithms
"
